image_name,image_path,overall_risk_percent,detections_count,json_result_path
1fa148829e036d5473572918ee17581c_jpg.rf.ea18cd54656bf530ae3afdeab5b5ac94.jpg,C:\Users\User\Documents\GitHub\LeakLock\uploaded_images\1fa148829e036d5473572918ee17581c_jpg.rf.ea18cd54656bf530ae3afdeab5b5ac94.jpg,0,1,C:\Users\User\Documents\GitHub\LeakLock\analysis_results\json\1fa148829e036d5473572918ee17581c_jpg.rf.ea18cd54656bf530ae3afdeab5b5ac94_20260327_151001_066239.json
Gemini_Generated_Image_x9kxpjx9kxpjx9kx.png,C:\Users\User\Documents\GitHub\LeakLock\uploaded_images\Gemini_Generated_Image_x9kxpjx9kxpjx9kx.png,0,0,C:\Users\User\Documents\GitHub\LeakLock\analysis_results\json\Gemini_Generated_Image_x9kxpjx9kxpjx9kx_20260327_151352_585439.json
plate-2-1024x718.avif,C:\Users\User\Documents\GitHub\LeakLock\uploaded_images\plate-2-1024x718.avif,75,1,C:\Users\User\Documents\GitHub\LeakLock\analysis_results\json\plate-2-1024x718_20260327_151525_680461.json
plate-2-1024x718.avif,C:\Users\User\Documents\GitHub\LeakLock\uploaded_images\plate-2-1024x718.avif,75,1,C:\Users\User\Documents\GitHub\LeakLock\analysis_results\json\plate-2-1024x718_20260327_151831_921694.json
plate-2-1024x718.avif,C:\Users\User\Documents\GitHub\LeakLock\uploaded_images\plate-2-1024x718.avif,75,1,C:\Users\User\Documents\GitHub\LeakLock\analysis_results\json\plate-2-1024x718_20260327_151858_366953.json
plate-2-1024x718.avif,C:\Users\User\Documents\GitHub\LeakLock\uploaded_images\plate-2-1024x718.avif,75,1,C:\Users\User\Documents\GitHub\LeakLock\analysis_results\json\plate-2-1024x718_20260327_152040_092979.json
plate-2-1024x718.avif,C:\Users\User\Documents\GitHub\LeakLock\uploaded_images\plate-2-1024x718.avif,75,1,C:\Users\User\Documents\GitHub\LeakLock\analysis_results\json\plate-2-1024x718_20260327_152235_696388.json
download.png,C:\Users\User\Documents\GitHub\LeakLock\uploaded_images\download.png,0,1,C:\Users\User\Documents\GitHub\LeakLock\analysis_results\json\download_20260327_154222_212104.json
download.png,C:\Users\User\Documents\GitHub\LeakLock\uploaded_images\download.png,0,1,C:\Users\User\Documents\GitHub\LeakLock\analysis_results\json\download_20260327_154247_627808.json
download.png,C:\Users\User\Documents\GitHub\LeakLock\uploaded_images\download.png,0,1,C:\Users\User\Documents\GitHub\LeakLock\analysis_results\json\download_20260327_154500_756258.json
download.png,C:\Users\User\Documents\GitHub\LeakLock\uploaded_images\download.png,0,1,C:\Users\User\Documents\GitHub\LeakLock\analysis_results\json\download_20260327_154634_208329.json
download.png,C:\Users\User\Documents\GitHub\LeakLock\uploaded_images\download.png,0,1,C:\Users\User\Documents\GitHub\LeakLock\analysis_results\json\download_20260327_154804_104212.json
download.png,C:\Users\User\Documents\GitHub\LeakLock\uploaded_images\download.png,0,1,C:\Users\User\Documents\GitHub\LeakLock\analysis_results\json\download_20260327_154828_184175.json
download.png,C:\Users\User\Documents\GitHub\LeakLock\uploaded_images\download.png,60,1,C:\Users\User\Documents\GitHub\LeakLock\analysis_results\json\download_20260327_155001_291214.json
2_PNG.rf.9d11f1ddfcf749eacfbd08b498fb6d67.jpg,C:\Users\User\Documents\GitHub\LeakLock\uploaded_images\2_PNG.rf.9d11f1ddfcf749eacfbd08b498fb6d67.jpg,0,1,C:\Users\User\Documents\GitHub\LeakLock\analysis_results\json\2_PNG.rf.9d11f1ddfcf749eacfbd08b498fb6d67_20260327_155320_017312.json
synthetic_document__08180.jpg,C:\Users\User\Documents\GitHub\LeakLock\uploaded_images\synthetic_document__08180.jpg,0,0,C:\Users\User\Documents\GitHub\LeakLock\analysis_results\json\synthetic_document__08180_20260327_155342_974753.json
0000_jpg.rf.bca42bb72f42346f90dd918cc5096a3a.jpg,C:\Users\User\Documents\GitHub\LeakLock\uploaded_images\0000_jpg.rf.bca42bb72f42346f90dd918cc5096a3a.jpg,0,1,C:\Users\User\Documents\GitHub\LeakLock\analysis_results\json\0000_jpg.rf.bca42bb72f42346f90dd918cc5096a3a_20260327_155358_731623.json
0000_jpg.rf.bca42bb72f42346f90dd918cc5096a3a.jpg,C:\Users\User\Documents\GitHub\LeakLock\uploaded_images\0000_jpg.rf.bca42bb72f42346f90dd918cc5096a3a.jpg,0,1,C:\Users\User\Documents\GitHub\LeakLock\analysis_results\json\0000_jpg.rf.bca42bb72f42346f90dd918cc5096a3a_20260327_155722_720675.json
synthetic_document__09210.jpg,C:\Users\User\Documents\GitHub\LeakLock\uploaded_images\synthetic_document__09210.jpg,0,0,C:\Users\User\Documents\GitHub\LeakLock\analysis_results\json\synthetic_document__09210_20260327_155830_971164.json
0000_random-11-_jpg.rf.42aa0099d88854ad31494efe925baad5.jpg,C:\Users\User\Documents\GitHub\LeakLock\uploaded_images\0000_random-11-_jpg.rf.42aa0099d88854ad31494efe925baad5.jpg,0,2,C:\Users\User\Documents\GitHub\LeakLock\analysis_results\json\0000_random-11-_jpg.rf.42aa0099d88854ad31494efe925baad5_20260327_155851_241080.json
3f2d80a8aa1062043fcf8d2d4c3079f4_jpg.rf.10334009e402b5e74e462fa46fb8e9b4.jpg,C:\Users\User\Documents\GitHub\LeakLock\uploaded_images\3f2d80a8aa1062043fcf8d2d4c3079f4_jpg.rf.10334009e402b5e74e462fa46fb8e9b4.jpg,0,1,C:\Users\User\Documents\GitHub\LeakLock\analysis_results\json\3f2d80a8aa1062043fcf8d2d4c3079f4_jpg.rf.10334009e402b5e74e462fa46fb8e9b4_20260327_160047_813201.json
11_PNG.rf.632f9a3891ebc3f64810d28e723764b5.jpg,C:\Users\User\Documents\GitHub\LeakLock\uploaded_images\11_PNG.rf.632f9a3891ebc3f64810d28e723764b5.jpg,0,2,C:\Users\User\Documents\GitHub\LeakLock\analysis_results\json\11_PNG.rf.632f9a3891ebc3f64810d28e723764b5_20260327_160818_404823.json
32_PNG.rf.5c30ce64ff9570f821a453eb5d8d7250.jpg,C:\Users\User\Documents\GitHub\LeakLock\uploaded_images\32_PNG.rf.5c30ce64ff9570f821a453eb5d8d7250.jpg,0,1,C:\Users\User\Documents\GitHub\LeakLock\analysis_results\json\32_PNG.rf.5c30ce64ff9570f821a453eb5d8d7250_20260327_161054_144735.json
3_PNG.rf.50d8e017fbf0333c81f3326402454080.jpg,C:\Users\User\Documents\GitHub\LeakLock\uploaded_images\3_PNG.rf.50d8e017fbf0333c81f3326402454080.jpg,0,1,C:\Users\User\Documents\GitHub\LeakLock\analysis_results\json\3_PNG.rf.50d8e017fbf0333c81f3326402454080_20260327_161323_904751.json
22_PNG.rf.bce9c0169a12a4af31643b25116c430d.jpg,C:\Users\User\Documents\GitHub\LeakLock\uploaded_images\22_PNG.rf.bce9c0169a12a4af31643b25116c430d.jpg,0,1,C:\Users\User\Documents\GitHub\LeakLock\analysis_results\json\22_PNG.rf.bce9c0169a12a4af31643b25116c430d_20260327_161510_019926.json
36_PNG.rf.9de400f298b9d9e30b6ce57438d9ee82.jpg,C:\Users\User\Documents\GitHub\LeakLock\uploaded_images\36_PNG.rf.9de400f298b9d9e30b6ce57438d9ee82.jpg,20,2,C:\Users\User\Documents\GitHub\LeakLock\analysis_results\json\36_PNG.rf.9de400f298b9d9e30b6ce57438d9ee82_20260327_162204_532539.json
synthetic_card__00601.jpg,C:\Users\User\Documents\GitHub\LeakLock\uploaded_images\synthetic_card__00601.jpg,0,1,C:\Users\User\Documents\GitHub\LeakLock\analysis_results\json\synthetic_card__00601_20260327_162257_926864.json
9f057dedc866a3d96d0077bdedbeacbe_jpg.rf.73ca291f8aaa857a99e087bd660c63d5.jpg,C:\Users\User\Documents\GitHub\LeakLock\uploaded_images\9f057dedc866a3d96d0077bdedbeacbe_jpg.rf.73ca291f8aaa857a99e087bd660c63d5.jpg,0,1,C:\Users\User\Documents\GitHub\LeakLock\analysis_results\json\9f057dedc866a3d96d0077bdedbeacbe_jpg.rf.73ca291f8aaa857a99e087bd660c63d5_20260327_163018_552128.json
34_jpg.rf.b50411ef6abe2989783b663e7809024a.jpg,C:\Users\User\Documents\GitHub\LeakLock\uploaded_images\34_jpg.rf.b50411ef6abe2989783b663e7809024a.jpg,20,1,C:\Users\User\Documents\GitHub\LeakLock\analysis_results\json\34_jpg.rf.b50411ef6abe2989783b663e7809024a_20260327_163059_548933.json
4a8c6a2bbfaad2eae7093f43ad216ed5_jpg.rf.83c89213c3d8f73f550f2462ea9b7107.jpg,C:\Users\User\Documents\GitHub\LeakLock\uploaded_images\4a8c6a2bbfaad2eae7093f43ad216ed5_jpg.rf.83c89213c3d8f73f550f2462ea9b7107.jpg,0,1,C:\Users\User\Documents\GitHub\LeakLock\analysis_results\json\4a8c6a2bbfaad2eae7093f43ad216ed5_jpg.rf.83c89213c3d8f73f550f2462ea9b7107_20260327_163229_999906.json
image1.jpeg,C:\Users\aviya\OneDrive\Desktop\פרויקט גמר\LeakLock-1\uploaded_images\image1.jpeg,12,2,C:\Users\aviya\OneDrive\Desktop\פרויקט גמר\LeakLock-1\analysis_results\json\image1_20260328_150616_447406.json
WhatsApp Image 2026-03-28 at 16.10.15.jpeg,C:\Users\aviya\OneDrive\Desktop\פרויקט גמר\LeakLock-1\uploaded_images\WhatsApp Image 2026-03-28 at 16.10.15.jpeg,14,1,C:\Users\aviya\OneDrive\Desktop\פרויקט גמר\LeakLock-1\analysis_results\json\WhatsApp Image 2026-03-28 at 16.10.15_20260328_161059_349151.json
medical.jpg,C:\Users\aviya\OneDrive\Desktop\פרויקט גמר\LeakLock-1\uploaded_images\medical.jpg,12,2,C:\Users\aviya\OneDrive\Desktop\פרויקט גמר\LeakLock-1\analysis_results\json\medical_20260328_162354_194469.json
